Month,tiobe,wiki,gtrend,tiobe_label,wiki_label,gtrend_label
2015-07,0.7250000000000001,0.2662215374079781,1.0,high,medium,high
2015-08,0.8382352941176471,0.6098270844033555,0.8241758241758241,high,high,high
2015-09,0.8595588235294117,0.8608115048793015,0.8131868131868132,high,high,high
2015-10,0.8580882352941176,0.8798151001540832,0.8351648351648352,high,high,high
2015-11,0.9213235294117648,0.7368601266906352,0.8461538461538461,high,high,high
2015-12,0.9632352941176472,0.6245505906522856,0.9010989010989012,high,high,high
2016-01,1.0,0.6524567711008389,0.7582417582417582,high,high,high
2016-02,0.9757352941176471,0.5144667009073789,0.7032967032967034,high,high,high
2016-03,0.9308823529411766,0.8048279404211608,0.7472527472527473,high,high,high
2016-04,0.9544117647058824,0.6165040232836843,0.6813186813186813,high,high,high
2016-05,0.9625,0.5071049477829139,0.6813186813186813,high,high,high
2016-06,0.95,0.3684300633453176,0.7252747252747253,high,high,high
2016-07,0.8772058823529413,0.42869371682931,0.5934065934065934,high,high,high
2016-08,0.8191176470588237,0.6177024482109228,0.4945054945054945,high,high,high
2016-09,0.7625,0.8495120698510529,0.4945054945054945,high,high,high
2016-10,0.8036764705882354,0.9631912343776752,0.5604395604395604,high,high,high
2016-11,0.8,0.6896079438452319,0.5164835164835165,high,high,high
2016-12,0.7345588235294118,0.4922102379729498,0.4615384615384615,high,high,medium
2017-01,0.6919117647058824,0.4879301489470981,0.4285714285714285,high,high,medium
2017-02,0.6477941176470589,0.4572847115219997,0.4285714285714285,high,high,medium
2017-03,0.6257352941176471,0.6997089539462421,0.4175824175824176,high,high,medium
2017-04,0.5661764705882354,0.5952747817154597,0.4065934065934066,high,high,medium
2017-05,0.4977941176470589,0.5189179934942647,0.4065934065934066,medium,high,medium
2017-06,0.486764705882353,0.2696456086286595,0.3736263736263736,medium,medium,medium
2017-07,0.4338235294117647,0.4750898818695429,0.3626373626373626,medium,high,medium
2017-08,0.374264705882353,0.623180962164013,0.3846153846153846,medium,high,medium
2017-09,0.3544117647058823,0.743879472693032,0.3846153846153846,medium,high,medium
2017-10,0.3352941176470588,0.7560349255264509,0.3956043956043956,medium,high,medium
2017-11,0.3941176470588236,0.6892655367231638,0.3956043956043956,medium,high,medium
2017-12,0.3970588235294118,0.4740626605033384,0.3076923076923077,medium,high,medium
2018-01,0.4669117647058824,0.5730183187810306,0.3296703296703296,medium,high,medium
2018-02,0.523529411764706,0.3583290532443074,0.2417582417582417,medium,high,medium
2018-03,0.5198529411764706,0.6406437253894881,0.1868131868131868,medium,high,low
2018-04,0.5816176470588236,0.5598356445814073,0.1868131868131868,high,high,low
2018-05,0.6257352941176471,0.3889744906694059,0.1648351648351648,high,high,low
2018-06,0.5514705882352942,0.1915767847971237,0.1098901098901098,medium,medium,low
2018-07,0.6080882352941177,0.5605204588255436,0.1208791208791208,high,high,low
2018-08,0.6625,0.6714603663756206,0.1208791208791208,high,high,low
2018-09,0.7036764705882355,0.8476288306796781,0.1318681318681318,high,high,low
2018-10,0.7301470588235295,0.8342749529190208,0.1098901098901098,high,high,low
2018-11,0.6529411764705882,0.6074302345488786,0.0879120879120879,high,high,low
2018-12,0.5926470588235294,0.3985618900873138,0.1538461538461538,high,high,low
2019-01,0.6639705882352941,0.4490669405923643,0.1208791208791208,high,high,low
2019-02,0.5889705882352944,0.3442903612395138,0.1208791208791208,high,high,low
2019-03,0.5154411764705884,0.4944358842663927,0.0989010989010989,medium,high,low
2019-04,0.5272058823529412,0.5630885122410546,0.1098901098901098,medium,high,low
2019-05,0.5977941176470588,0.3519945214860469,0.1208791208791208,high,high,low
2019-06,0.524264705882353,0.1871254922102379,0.0879120879120879,medium,medium,low
2019-07,0.5286764705882354,0.5963020030816641,0.1098901098901098,medium,high,low
2019-08,0.6000000000000001,0.6877247046738573,0.1098901098901098,high,high,low
2019-09,0.6463235294117647,0.9650744735490498,0.1428571428571428,high,high,low
2019-10,0.6625,0.9022427666495464,0.1428571428571428,high,high,low
2019-11,0.6161764705882353,0.647834274952919,0.1318681318681318,high,high,low
2019-12,0.6897058823529412,0.4855332990926211,0.0989010989010989,high,high,low
2020-01,0.6639705882352941,0.44341722307824,0.0989010989010989,high,high,low
2020-02,0.6977941176470588,0.3970210580380072,0.0879120879120879,high,high,low
2020-03,0.7286764705882354,0.5242253038863208,0.0989010989010989,high,high,low
2020-04,0.6514705882352941,0.5671973977058723,0.0769230769230769,high,high,low
2020-05,0.6183823529411766,0.278376990241397,0.0659340659340659,high,medium,low
2020-06,0.6051470588235296,0.3545625749015579,0.0769230769230769,high,high,low
2020-07,0.5316176470588235,0.366889231296011,0.0549450549450549,medium,high,low
2020-08,0.4823529411764706,0.4151686355076185,0.0329670329670329,medium,high,low
2020-09,0.4125000000000001,1.0,0.0439560439560439,medium,high,low
2020-10,0.3448529411764707,0.8804999143982195,0.0439560439560439,medium,high,low
2020-11,0.2801470588235294,0.4672145180619756,0.0439560439560439,low,high,low
2020-12,0.3426470588235294,0.5519602807738401,0.0329670329670329,medium,high,low
2021-01,0.3007352941176471,0.2573189522342065,0.0109890109890109,medium,medium,low
2021-02,0.2514705882352941,0.2145180619756891,0.0219780219780219,low,medium,low
2021-03,0.1897058823529411,0.5108714261256634,0.0329670329670329,low,high,low
2021-04,0.2470588235294118,0.2222222222222222,0.0219780219780219,low,medium,low
2021-05,0.2845588235294118,0.064030131826742,0.0109890109890109,medium,low,low
2021-06,0.2698529411764706,0.3213490840609485,0.0219780219780219,low,medium,low
2021-07,0.2448529411764705,0.2318096216401301,0.0109890109890109,low,medium,low
2021-08,0.188235294117647,0.3208354733778462,0.0,low,medium,low
2021-09,0.2389705882352941,0.7416538263995891,0.0219780219780219,low,high,low
2021-10,0.1904411764705883,0.5005992124636193,0.0329670329670329,low,high,low
2021-11,0.2095588235294118,0.3477144324601952,0.0439560439560439,low,high,low
2021-12,0.1654411764705882,0.2550933059407635,0.0219780219780219,low,medium,low
2022-01,0.2051470588235294,0.1234377675055641,0.0549450549450549,low,medium,low
2022-02,0.3132352941176471,0.1179592535524738,0.0549450549450549,medium,medium,low
2022-03,0.2441176470588235,0.2900188323917137,0.0989010989010989,low,medium,low
2022-04,0.2169117647058824,0.0999828796438966,0.0879120879120879,low,low,low
2022-05,0.2294117647058824,0.1248073959938366,0.0549450549450549,low,medium,low
2022-06,0.1911764705882353,0.1177880499914398,0.0659340659340659,low,medium,low
2022-07,0.2735294117647059,0.1093990755007704,0.0439560439560439,low,medium,low
2022-08,0.3375000000000001,0.2112651943160417,0.0329670329670329,medium,medium,low
2022-09,0.2830882352941177,0.4129429892141756,0.0769230769230769,medium,high,low
2022-10,0.3654411764705882,0.4370826913199794,0.0989010989010989,medium,high,low
2022-11,0.3022058823529412,0.204588255435713,0.0989010989010989,medium,medium,low
2022-12,0.2904411764705883,0.1112823146721451,0.0659340659340659,medium,medium,low
2023-01,0.3191176470588236,0.1521999657592878,0.0439560439560439,medium,medium,low
2023-02,0.3926470588235295,0.1511727443930833,0.0549450549450549,medium,medium,low
2023-03,0.4183823529411765,0.2679335730183187,0.0549450549450549,medium,medium,low
2023-04,0.3941176470588236,0.0,0.0329670329670329,medium,low,low
2023-05,0.3198529411764707,0.1227529532614278,0.0549450549450549,medium,medium,low
2023-06,0.250735294117647,0.2052730696798493,0.0329670329670329,low,medium,low
2023-07,0.1933823529411765,0.1345659989727786,0.0329670329670329,low,medium,low
2023-08,0.1808823529411765,0.1903783598698853,0.0219780219780219,low,medium,low
2023-09,0.1191176470588235,0.248758774182503,0.0439560439560439,low,medium,low
2023-10,0.0772058823529411,0.2720424584831364,0.0549450549450549,low,medium,low
2023-11,0.0352941176470587,0.2203389830508474,0.0439560439560439,low,medium,low
2023-12,0.0088235294117647,0.2814586543400103,0.0329670329670329,low,medium,low
2024-01,0.0,0.3175826057181989,0.0329670329670329,low,medium,low
2024-02,0.074264705882353,0.1575072761513439,0.0439560439560439,low,medium,low
2024-03,0.0794117647058823,0.310563259715802,0.0549450549450549,low,medium,low
2024-04,0.0786764705882352,0.2059578839239856,0.0439560439560439,low,medium,low
2024-05,0.0602941176470587,0.2600582092107515,0.0659340659340659,low,medium,low
2024-06,0.0389705882352941,0.1177880499914398,0.0769230769230769,low,medium,low
2024-07,0.0529411764705882,0.0879986303715117,0.0659340659340659,low,low,low
2024-08,0.0948529411764706,0.0279061804485533,0.0439560439560439,low,low,low
2024-09,0.1161764705882352,0.0720766991953432,0.0549450549450549,low,low,low
2024-10,0.1941176470588235,0.0265365519602807,0.0439560439560439,low,low,low
2015-07,0.1915887850467289,0.0630356786924456,0.1764705882352941,low,low,low
2015-08,0.177570093457944,0.0825692645006976,0.2352941176470588,low,low,medium
2015-09,0.2616822429906542,0.1050926848714371,0.2941176470588235,low,low,medium
2015-10,0.2383177570093458,0.139824596372334,0.3529411764705882,low,medium,medium
2015-11,0.3224299065420562,0.1320510265098664,0.4117647058823529,medium,medium,medium
2015-12,0.2710280373831775,0.0977177596173011,0.3529411764705882,low,low,medium
2016-01,0.3691588785046729,0.1275164440900937,0.1764705882352941,medium,medium,low
2016-02,0.1962616822429907,0.1025513254933227,0.2941176470588235,low,low,medium
2016-03,0.2570093457943926,0.1552222443691449,0.2352941176470588,low,medium,medium
2016-04,0.3691588785046729,0.1553219055212278,0.2352941176470588,medium,medium,medium
2016-05,0.2616822429906542,0.1417181582619095,0.2352941176470588,low,medium,medium
2016-06,0.3738317757009347,0.1041459039266494,0.2352941176470588,medium,low,medium
2016-07,0.4018691588785048,0.0913892764600358,0.0,medium,low,low
2016-08,0.4345794392523365,0.1119693043651584,0.1764705882352941,medium,medium,low
2016-09,0.5373831775700936,0.1165038867849312,0.1764705882352941,medium,medium,low
2016-10,0.4532710280373832,0.1500398644608331,0.2352941176470588,medium,medium,medium
2016-11,0.4345794392523365,0.1364361172015148,0.2352941176470588,medium,medium,medium
2016-12,0.5046728971962617,0.0996113215068766,0.1764705882352941,medium,low,low
2017-01,0.5000000000000001,0.1142615108630655,0.2352941176470588,medium,medium,medium
2017-02,0.5093457943925235,0.1078831971297588,0.2941176470588235,medium,medium,medium
2017-03,0.4158878504672897,0.1084811640422563,0.1764705882352941,medium,medium,low
2017-04,0.5000000000000001,0.1382798485150488,0.2352941176470588,medium,medium,medium
2017-05,0.602803738317757,0.1377815427546342,0.2352941176470588,high,medium,medium
2017-06,0.5794392523364487,0.0732011162049033,0.0588235294117647,high,low,low
2017-07,0.3878504672897196,0.100308949571457,0.1764705882352941,medium,low,low
2017-08,0.1495327102803738,0.1176499900338848,0.2352941176470588,low,medium,medium
2017-09,0.1121495327102803,0.1043452262308152,0.1764705882352941,low,low,low
2017-10,0.5747663551401869,0.1223838947578234,0.2352941176470588,high,medium,medium
2017-11,0.5560747663551403,0.1069364161849711,0.2941176470588235,high,medium,medium
2017-12,0.3224299065420562,0.0808251943392465,0.2352941176470588,medium,low,medium
2018-01,0.7897196261682244,0.1013055610922862,0.1764705882352941,high,low,low
2018-02,0.6448598130841123,0.0628861869643213,0.2352941176470588,high,low,medium
2018-03,1.0,0.100308949571457,0.2352941176470588,high,low,medium
2018-04,0.7990654205607479,0.0890472393860873,0.2352941176470588,high,low,medium
2018-05,0.5327102803738318,0.0819214670121586,0.2352941176470588,medium,low,medium
2018-06,0.3364485981308411,0.0464420968706398,0.0588235294117647,medium,low,low
2018-07,0.4906542056074767,0.0866055411600558,0.1764705882352941,medium,low,low
2018-08,0.294392523364486,0.0884991030496312,0.2352941176470588,medium,low,medium
2018-09,0.1635514018691588,0.1070859079130954,0.2352941176470588,low,medium,medium
2018-10,0.233644859813084,0.1214371138130356,0.2941176470588235,low,medium,medium
2018-11,0.4112149532710281,0.0971197927048036,0.2941176470588235,medium,low,medium
2018-12,0.5981308411214954,0.0769384094080127,0.2941176470588235,high,low,medium
2019-01,0.7102803738317757,0.1005082718756228,0.2941176470588235,high,low,medium
2019-02,0.5000000000000001,0.0680187362965916,0.3529411764705882,medium,low,medium
2019-03,0.3037383177570094,0.0688160255132549,0.2352941176470588,medium,low,medium
2019-04,0.3411214953271027,0.0705102650986645,0.1764705882352941,medium,low,low
2019-05,0.4252336448598131,0.0555610922862268,0.3529411764705882,medium,low,medium
2019-06,0.4392523364485983,0.035828184173809,0.2352941176470588,medium,low,medium
2019-07,0.2429906542056074,0.0690153478174207,0.4705882352941176,low,low,medium
2019-08,0.2242990654205606,0.0585010962726729,0.4117647058823529,low,low,medium
2019-09,0.1635514018691588,0.068716364361172,0.4117647058823529,low,low,medium
2019-10,0.1401869158878505,0.081522822403827,0.4117647058823529,low,low,medium
2019-11,0.0700934579439252,0.069912298186167,0.4117647058823529,low,low,medium
2019-12,0.144859813084112,0.0501295594977077,0.2352941176470588,low,low,medium
2020-01,0.3130841121495328,0.0590990631851704,0.3529411764705882,medium,low,medium
2020-02,0.1308411214953271,0.0500298983456248,0.4117647058823529,low,low,medium
2020-03,0.1261682242990653,0.0690153478174207,0.3529411764705882,low,low,medium
2020-04,0.2803738317757009,0.0930835160454454,0.2941176470588235,low,low,medium
2020-05,0.4205607476635515,0.0555112617101853,0.2941176470588235,medium,low,medium
2020-06,0.2289719626168224,0.0694638230017939,0.3529411764705882,low,low,medium
2020-07,0.3271028037383178,0.0793302770580027,0.3529411764705882,medium,low,medium
2020-08,0.5093457943925235,0.055909906318517,0.1764705882352941,medium,low,low
2020-09,0.3551401869158879,0.0915885987642017,0.2941176470588235,medium,low,medium
2020-10,0.1682242990654206,0.2886186964321307,0.1176470588235294,low,medium,low
2020-11,0.1168224299065419,0.4120490332868248,0.1176470588235294,low,high,low
2020-12,0.266355140186916,0.4061690253139326,0.1176470588235294,low,high,low
2021-01,0.1962616822429907,0.2040063783137333,0.1764705882352941,low,medium,low
2021-02,0.2289719626168224,0.0388180187362965,0.1764705882352941,low,low,low
2021-03,0.1542056074766354,0.0745465417580227,0.1176470588235294,low,low,low
2021-04,0.308411214953271,0.038319712975882,0.1764705882352941,medium,low,low
2021-05,0.3130841121495328,0.0274566473988439,0.1176470588235294,medium,low,low
2021-06,0.2570093457943926,0.0475882001195933,0.1764705882352941,low,low,low
2021-07,0.4345794392523365,0.2216962328084512,0.1764705882352941,medium,medium,low
2021-08,0.5467289719626169,0.2753637632051026,0.1176470588235294,medium,medium,low
2021-09,0.3598130841121495,0.3312238389475782,0.1764705882352941,medium,medium,low
2021-10,0.1915887850467289,0.5248156268686466,0.1764705882352941,low,high,low
2021-11,0.4112149532710281,0.5893462228423361,0.2352941176470588,medium,high,medium
2021-12,0.2429906542056074,0.5828682479569464,0.2352941176470588,low,high,medium
2022-01,0.144859813084112,0.6268188160255133,0.8235294117647058,low,high,high
2022-02,0.0233644859813084,0.6961829778752242,0.8823529411764706,low,high,high
2022-03,0.144859813084112,0.8042654973091489,1.0,low,high,high
2022-04,0.294392523364486,0.8100458441299582,0.9411764705882352,medium,high,high
2022-05,0.1588785046728972,0.6496910504285429,0.5882352941176471,low,high,high
2022-06,0.144859813084112,0.7562786525812238,0.9411764705882352,low,high,high
2022-07,0.0,0.7292206497907116,0.8823529411764706,low,high,high
2022-08,0.2897196261682243,0.7349013354594379,0.8235294117647058,medium,high,high
2022-09,0.4859813084112149,0.9630755431532788,0.7647058823529411,medium,high,high
2022-10,0.4485981308411216,1.0,0.8823529411764706,medium,high,high
2022-11,0.6588785046728972,0.8269882399840542,0.8823529411764706,high,high,high
2022-12,0.6588785046728972,0.6698226031492924,0.7647058823529411,high,high,high
2023-01,0.5093457943925235,0.6065377715766395,0.7058823529411765,medium,high,high
2023-02,0.3457943925233645,0.4543551923460235,0.7647058823529411,medium,high,high
2023-03,0.1822429906542056,0.5038867849312338,0.7647058823529411,low,high,high
2023-04,0.1495327102803738,0.2595176400239187,0.4117647058823529,low,medium,medium
2023-05,0.308411214953271,0.2189057205501295,0.5882352941176471,medium,medium,high
2023-06,0.4859813084112149,0.3019234602352003,0.6470588235294118,medium,medium,high
2023-07,0.6214953271028038,0.2946980267091887,0.5882352941176471,high,medium,high
2023-08,0.7056074766355142,0.2582220450468407,0.6470588235294118,high,medium,high
2023-09,0.7102803738317757,0.1000099661152082,0.7058823529411765,high,low,high
2023-10,0.5280373831775702,0.0338847917081921,0.7058823529411765,medium,low,high
2023-11,0.6682242990654206,0.0697628064580426,0.6470588235294118,high,low,high
2023-12,0.5233644859813085,0.0586007574247558,0.5294117647058824,medium,low,high
2024-01,0.4626168224299066,0.0199322304165836,0.5882352941176471,medium,low,high
2024-02,0.6495327102803738,0.0,0.6470588235294118,high,low,high
2024-03,0.7476635514018692,0.037671915487343,0.5882352941176471,high,low,high
2024-04,0.5186915887850468,0.0305461431134143,0.4117647058823529,medium,low,medium
2024-05,0.5747663551401869,0.0755431532788519,0.7058823529411765,high,low,high
2024-06,0.719626168224299,0.0661251744070161,0.6470588235294118,high,low,high
2024-07,0.9392523364485982,0.0780346820809248,0.7058823529411765,high,low,high
2024-08,0.9953271028037384,0.0599960135539166,0.6470588235294118,high,low,high
2024-09,1.0,0.0481861670320908,0.5294117647058824,high,low,high
2024-10,0.8224299065420562,0.0474885389675104,0.5294117647058824,high,low,high
2015-07,0.5907692307692308,0.4412343250553233,0.7027027027027027,high,high,high
2015-08,0.5415384615384615,0.7651831817064175,0.7837837837837838,medium,high,high
2015-09,0.4799999999999999,0.7402262109663142,0.8378378378378378,medium,high,high
2015-10,0.4892307692307692,1.0,0.8648648648648649,medium,high,high
2015-11,0.7015384615384617,0.9449225473321858,1.0,high,high,high
2015-12,0.56,0.6279813130071306,0.918918918918919,high,high,high
2016-01,0.5353846153846153,0.6271207278091959,0.7837837837837838,medium,high,high
2016-02,0.5538461538461539,0.5350381116301942,0.8108108108108109,high,high,high
2016-03,0.5538461538461539,0.731251536759282,0.7567567567567568,high,high,high
2016-04,0.6215384615384617,0.7128104253749693,0.7837837837837838,high,high,high
2016-05,0.6215384615384617,0.614089009097615,0.7297297297297297,high,high,high
2016-06,0.6953846153846153,0.3920580280304893,0.7027027027027027,high,high,high
2016-07,0.7076923076923076,0.4106220801573642,0.4594594594594595,high,high,medium
2016-08,0.676923076923077,0.6158101794934842,0.5945945945945946,high,high,high
2016-09,0.5784615384615385,0.670641750676174,0.6216216216216216,high,high,high
2016-10,0.5446153846153847,0.7758790263093189,0.6486486486486487,medium,high,high
2016-11,0.6646153846153846,0.6738382099827883,0.7297297297297297,high,high,high
2016-12,0.6,0.5071305630686009,0.5675675675675675,high,high,high
2017-01,0.4892307692307692,0.5850749938529629,0.6216216216216216,medium,high,high
2017-02,0.6461538461538461,0.5161052372756332,0.6216216216216216,high,high,high
2017-03,0.6276923076923077,0.606958446029014,0.5675675675675675,high,high,high
2017-04,0.7415384615384616,0.6947381362183428,0.5675675675675675,high,high,high
2017-05,0.5292307692307692,0.6233095647897713,0.6216216216216216,medium,high,high
2017-06,0.5538461538461539,0.3841898205065158,0.4324324324324324,high,high,medium
2017-07,0.6523076923076924,0.5335628227194492,0.4324324324324324,high,high,medium
2017-08,0.4061538461538462,0.5554462748955004,0.4864864864864865,medium,high,medium
2017-09,0.3815384615384615,0.5055323334152938,0.4864864864864865,medium,high,medium
2017-10,0.56,0.5191787558396853,0.5405405405405406,high,high,high
2017-11,0.2861538461538461,0.4929923776739611,0.5675675675675675,medium,high,high
2017-12,0.1907692307692308,0.3503811163019424,0.4864864864864865,low,high,medium
2018-01,0.4799999999999999,0.3655028276370789,0.4864864864864865,medium,high,medium
2018-02,0.7538461538461539,0.2763707892795672,0.4594594594594595,high,medium,medium
2018-03,0.9353846153846154,0.3528399311531842,0.4324324324324324,high,high,medium
2018-04,1.0,0.3611999016474059,0.4594594594594595,high,high,medium
2018-05,0.723076923076923,0.2970248340299975,0.4324324324324324,high,medium,medium
2018-06,0.5876923076923076,0.0982296533071059,0.2162162162162162,high,low,low
2018-07,0.5723076923076923,0.29481190066388,0.4054054054054054,high,medium,medium
2018-08,0.6030769230769232,0.3418982050651586,0.4054054054054054,high,medium,medium
2018-09,0.5569230769230769,0.3582493238259159,0.4054054054054054,high,high,medium
2018-10,0.56,0.4482419473813622,0.4594594594594595,high,high,medium
2018-11,0.4338461538461538,0.3770592574379149,0.4594594594594595,medium,high,medium
2018-12,0.4523076923076923,0.2988689451684288,0.4054054054054054,medium,medium,medium
2019-01,0.5261538461538462,0.3517334644701254,0.4594594594594595,medium,high,medium
2019-02,0.4,0.2231374477501844,0.3783783783783784,medium,medium,medium
2019-03,0.4461538461538461,0.3505040570445045,0.4054054054054054,medium,high,medium
2019-04,0.3907692307692308,0.3655028276370789,0.4054054054054054,medium,high,medium
2019-05,0.4676923076923077,0.2683796410130317,0.4054054054054054,medium,medium,medium
2019-06,0.4923076923076923,0.20813867715761,0.2702702702702703,medium,medium,medium
2019-07,0.3692307692307692,0.3695598721416277,0.4324324324324324,medium,high,medium
2019-08,0.3415384615384615,0.3241947381362183,0.4054054054054054,medium,medium,medium
2019-09,0.2738461538461539,0.4077944430784362,0.4054054054054054,low,high,medium
2019-10,0.2892307692307692,0.4750430292598967,0.4324324324324324,medium,high,medium
2019-11,0.2307692307692307,0.3830833538234571,0.3783783783783784,low,high,medium
2019-12,0.3323076923076922,0.2437914925006147,0.3243243243243243,medium,medium,medium
2020-01,0.4430769230769231,0.3064912712072781,0.3513513513513513,medium,medium,medium
2020-02,0.3230769230769231,0.2627243668551758,0.3783783783783784,medium,medium,medium
2020-03,0.3230769230769231,0.3012048192771084,0.2702702702702703,medium,medium,medium
2020-04,0.4307692307692308,0.2925989672977624,0.2162162162162162,medium,medium,low
2020-05,0.4676923076923077,0.1469141873616916,0.1621621621621621,medium,medium,low
2020-06,0.3969230769230769,0.2156380624538972,0.2162162162162162,medium,medium,low
2020-07,0.2861538461538461,0.2527661667076469,0.2432432432432432,medium,medium,medium
2020-08,0.3907692307692308,0.1585935579050897,0.1621621621621621,medium,medium,low
2020-09,0.4676923076923077,0.2380132776001967,0.1351351351351351,medium,medium,low
2020-10,0.3446153846153846,0.7525202852225228,0.1351351351351351,medium,high,low
2020-11,0.2523076923076923,0.4155397098598475,0.1351351351351351,low,high,low
2020-12,0.3538461538461538,0.3682075239734448,0.1081081081081081,medium,high,low
2021-01,0.3138461538461538,0.2452667814113597,0.1081081081081081,medium,medium,low
2021-02,0.24,0.0902385050405704,0.1081081081081081,low,low,low
2021-03,0.3384615384615384,0.2488320629456601,0.1081081081081081,medium,medium,low
2021-04,0.2676923076923077,0.1400295057782149,0.1081081081081081,low,medium,low
2021-05,0.2738461538461539,0.0247110892549791,0.054054054054054,low,low,low
2021-06,0.3815384615384615,0.1241701499877059,0.1081081081081081,medium,medium,low
2021-07,0.4953846153846154,0.2780919596754364,0.081081081081081,medium,medium,low
2021-08,0.3753846153846153,0.251413818539464,0.054054054054054,medium,medium,low
2021-09,0.2707692307692308,0.2827637078927956,0.054054054054054,low,medium,low
2021-10,0.3476923076923077,0.2961642488320629,0.054054054054054,medium,medium,low
2021-11,0.2584615384615384,0.2338332923530858,0.081081081081081,low,medium,low
2021-12,0.1630769230769231,0.1702729284484878,0.054054054054054,low,medium,low
2022-01,0.1323076923076923,0.1428571428571428,0.2432432432432432,low,medium,medium
2022-02,0.2523076923076923,0.1182689943447258,0.2432432432432432,low,medium,medium
2022-03,0.2923076923076922,0.2067863289894271,0.2972972972972973,medium,medium,medium
2022-04,0.2061538461538461,0.1265060240963855,0.2702702702702703,low,medium,medium
2022-05,0.1692307692307692,0.0431522006392918,0.1891891891891892,low,low,low
2022-06,0.0861538461538461,0.1290877796901893,0.3243243243243243,low,medium,medium
2022-07,0.0707692307692307,0.0891320383575116,0.2432432432432432,low,low,medium
2022-08,0.12,0.0736415047946889,0.1891891891891892,low,low,low
2022-09,0.2184615384615384,0.1354806983034177,0.2162162162162162,low,medium,low
2022-10,0.3292307692307692,0.5368822227686255,0.2702702702702703,medium,high,medium
2022-11,0.2215384615384615,0.5122940742562085,0.1891891891891892,low,high,low
2022-12,0.2,0.1884681583476764,0.1891891891891892,low,medium,low
2023-01,0.1292307692307692,0.1223260388492746,0.1891891891891892,low,medium,low
2023-02,0.0984615384615384,0.0585197934595524,0.1891891891891892,low,low,low
2023-03,0.1969230769230769,0.247110892549791,0.1621621621621621,low,medium,low
2023-04,0.12,0.0118023112859601,0.054054054054054,low,low,low
2023-05,0.1907692307692308,0.0933120236046225,0.1081081081081081,low,low,low
2023-06,0.2369230769230769,0.12146545365134,0.1351351351351351,low,medium,low
2023-07,0.1353846153846153,0.0601180231128596,0.1621621621621621,low,low,low
2023-08,0.0923076923076923,0.0250799114826653,0.1351351351351351,low,low,low
2023-09,0.1784615384615384,0.0417998524711089,0.081081081081081,low,low,low
2023-10,0.2861538461538461,0.0409392672731743,0.1081081081081081,medium,low,low
2023-11,0.4092307692307692,0.0588886156872387,0.1081081081081081,medium,low,low
2023-12,0.3199999999999999,0.049176297024834,0.081081081081081,medium,low,low
2024-01,0.2523076923076923,0.1664617654290631,0.1081081081081081,low,medium,low
2024-02,0.1661538461538461,0.0398328005901155,0.1081081081081081,low,low,low
2024-03,0.1076923076923077,0.1512171133513646,0.1081081081081081,low,medium,low
2024-04,0.0369230769230769,0.0901155642980083,0.0,low,low,low
2024-05,0.0,0.1812146545365134,0.1081081081081081,low,medium,low
2024-06,0.0769230769230769,0.1496188836980575,0.1081081081081081,low,medium,low
2024-07,0.0553846153846153,0.1598229653307106,0.1351351351351351,low,medium,low
2024-08,0.1507692307692307,0.0317187115810179,0.081081081081081,low,low,low
2024-09,0.1507692307692307,0.0393410376198672,0.054054054054054,low,low,low
2024-10,0.0738461538461538,0.0,0.054054054054054,low,low,low
2015-07,0.0676532769556025,0.0,0.0,low,low,low
2015-08,0.0576109936575053,0.0138141728099887,0.0117647058823529,low,low,low
2015-09,0.0359408033826638,0.0354320249717739,0.0470588235294117,low,low,low
2015-10,0.0808668076109936,0.028425317128246,0.0470588235294117,low,low,low
2015-11,0.0417547568710359,0.0351331606561732,0.0588235294117647,low,low,low
2015-12,0.0766384778012684,0.0258019525801952,0.0470588235294117,low,low,low
2016-01,0.0459830866807611,0.0401474397290296,0.0235294117647058,low,low,low
2016-02,0.0634249471458773,0.0232450023245002,0.0235294117647058,low,low,low
2016-03,0.0676532769556025,0.0423391113767682,0.0352941176470588,low,low,low
2016-04,0.0184989429175475,0.0323437603772331,0.0470588235294117,low,low,low
2016-05,0.0428118393234672,0.0259015740187288,0.0352941176470588,low,low,low
2016-06,0.0486257928118393,0.0238759381018795,0.0235294117647058,low,low,low
2016-07,0.0628964059196617,0.014677558610613,0.0235294117647058,low,low,low
2016-08,0.0750528541226216,0.0420734542073454,0.0235294117647058,low,low,low
2016-09,0.0697674418604651,0.0627947134223284,0.0588235294117647,low,low,low
2016-10,0.0417547568710359,0.0607026632131234,0.0352941176470588,low,low,low
2016-11,0.031183932346723,0.0618649133293484,0.0941176470588235,low,low,low
2016-12,0.0665961945031712,0.0400146111443182,0.0705882352941176,low,low,low
2017-01,0.0253699788583509,0.0432357043235704,0.0941176470588235,low,low,low
2017-02,0.0560253699788583,0.044265125855084,0.0823529411764705,low,low,low
2017-03,0.0496828752642706,0.0692701069270106,0.0941176470588235,low,low,low
2017-04,0.0253699788583509,0.0703327356047021,0.1411764705882353,low,low,low
2017-05,0.0301268498942917,0.0674105067410506,0.1058823529411764,low,low,low
2017-06,0.071353065539112,0.0295543600982931,0.0705882352941176,low,low,low
2017-07,0.0295983086680761,0.0452281330942418,0.0705882352941176,low,low,low
2017-08,0.0375264270613107,0.0716278143056385,0.0941176470588235,low,low,low
2017-09,0.0,0.064986385070067,0.1411764705882353,low,low,low
2017-10,0.0433403805496828,0.0880321445175001,0.1529411764705882,low,low,low
2017-11,0.0792811839323467,0.0561864913329348,0.1529411764705882,low,low,low
2017-12,0.0422832980972515,0.0418742113302782,0.1294117647058823,low,low,low
2018-01,0.0898520084566596,0.0512054194062562,0.1058823529411764,low,low,low
2018-02,0.1157505285412262,0.0363950322109317,0.1529411764705882,low,low,low
2018-03,0.1527484143763213,0.0677093710566514,0.1529411764705882,low,low,low
2018-04,0.1490486257928118,0.0507073122135883,0.1529411764705882,low,low,low
2018-05,0.1168076109936575,0.0392508467822275,0.1411764705882353,low,low,low
2018-06,0.1469344608879492,0.0166367802351065,0.0705882352941176,low,low,low
2018-07,0.1786469344608879,0.0546921697549312,0.1176470588235294,low,low,low
2018-08,0.2119450317124735,0.0610015275287241,0.1294117647058823,low,low,low
2018-09,0.2468287526427061,0.105764760576476,0.1764705882352941,low,low,low
2018-10,0.2209302325581395,0.1170219831307697,0.2941176470588235,low,medium,medium
2018-11,0.248414376321353,0.0841469084146908,0.2588235294117647,low,low,medium
2018-12,0.2854122621564482,0.0533306767616391,0.1529411764705882,medium,low,low
2019-01,0.2806553911205073,0.0760775718934714,0.188235294117647,low,low,low
2019-02,0.242600422832981,0.0524672909610148,0.2235294117647059,low,low,medium
2019-03,0.2790697674418604,0.089460051803148,0.3058823529411765,low,low,medium
2019-04,0.2743128964059196,0.0772066148635186,0.3176470588235294,low,low,medium
2019-05,0.2563424947145877,0.0801288437271701,0.3176470588235294,low,low,medium
2019-06,0.2933403805496828,0.0690376569037656,0.2588235294117647,medium,low,medium
2019-07,0.3319238900634249,0.1186159261473069,0.4352941176470588,medium,medium,medium
2019-08,0.3720930232558139,0.1148303114830311,0.3764705882352941,medium,medium,medium
2019-09,0.3641649048625792,0.1471740718602643,0.4941176470588235,medium,medium,high
2019-10,0.322938689217759,0.1812446038387461,0.5058823529411764,medium,medium,high
2019-11,0.3625792811839323,0.1342232848508999,0.5176470588235295,medium,medium,high
2019-12,0.3874207188160677,0.0937105665139138,0.388235294117647,medium,low,medium
2020-01,0.3551797040169133,0.1155940758451218,0.3764705882352941,medium,medium,medium
2020-02,0.3366807610993657,0.0997874742644617,0.4588235294117647,medium,low,medium
2020-03,0.3768498942917547,0.1350534635053463,0.4235294117647059,medium,medium,medium
2020-04,0.3345665961945032,0.1455137145513714,0.4235294117647059,medium,medium,medium
2020-05,0.3245243128964059,0.0839144583914458,0.4117647058823529,medium,low,medium
2020-06,0.2843551797040169,0.0995882313873945,0.4,medium,low,medium
2020-07,0.322938689217759,0.0825861725443315,0.3411764705882353,medium,low,medium
2020-08,0.3546511627906976,0.0661154280401142,0.2823529411764706,medium,low,medium
2020-09,0.395877378435518,0.1793517965066082,0.3647058823529411,medium,medium,medium
2020-10,0.4386892177589852,0.1956565052799362,0.3647058823529411,medium,medium,medium
2020-11,0.4830866807610993,0.1496646078236036,0.3647058823529411,medium,medium,medium
2020-12,0.4878435517970402,0.1274158198844391,0.3176470588235294,medium,medium,medium
2021-01,0.4619450317124736,0.0976622169090788,0.2705882352941176,medium,low,medium
2021-02,0.4164904862579281,0.063824134953842,0.2823529411764706,medium,low,medium
2021-03,0.3874207188160677,0.0980939098093909,0.3294117647058823,medium,low,medium
2021-04,0.425475687103594,0.0533970910539948,0.3764705882352941,medium,low,medium
2021-05,0.4698731501057082,0.0559872484558677,0.2823529411764706,medium,low,medium
2021-06,0.4682875264270613,0.0752141860928471,0.3764705882352941,medium,low,medium
2021-07,0.4217758985200846,0.1336255562196985,0.3294117647058823,medium,medium,medium
2021-08,0.4693446088794926,0.2175068074649664,0.2705882352941176,medium,medium,medium
2021-09,0.4593023255813954,0.1802483894534103,0.3529411764705882,medium,medium,medium
2021-10,0.4381606765327696,0.5268977884040645,0.4352941176470588,medium,high,medium
2021-11,0.4645877378435518,0.2280334728033473,0.4588235294117647,medium,medium,medium
2021-12,0.5243128964059197,0.3086272165770073,0.3411764705882353,medium,medium,medium
2022-01,0.5602536997885835,0.0900909875805273,0.6470588235294118,high,low,high
2022-02,0.6527484143763214,0.5110247725310487,0.6941176470588235,high,high,high
2022-03,0.5961945031712473,0.5570166699873813,0.9411764705882352,high,high,high
2022-04,0.5782241014799154,0.8275220827522083,0.8705882352941177,high,high,high
2022-05,0.5158562367864694,0.7303579730357973,0.6235294117647059,medium,high,high
2022-06,0.4873150105708245,1.0,0.7294117647058823,medium,high,high
2022-07,0.5528541226215645,0.7673839410241083,0.6823529411764706,high,high,high
2022-08,0.6686046511627908,0.8189878461844989,0.5882352941176471,high,high,high
2022-09,0.6744186046511629,0.7941489008434615,0.8588235294117647,high,high,high
2022-10,0.7452431289640592,0.8940359965464568,1.0,high,high,high
2022-11,0.7505285412262157,0.7754864846915056,0.9058823529411764,high,high,high
2022-12,0.7230443974630022,0.1205087334794447,0.8588235294117647,high,medium,high
2023-01,0.7071881606765328,0.1804144251842996,0.7176470588235294,high,medium,high
2023-02,0.6612050739957718,0.4590887959088796,0.8,high,high,high
2023-03,0.6263213530655392,0.1143654114365411,0.8235294117647058,high,medium,high
2023-04,0.6094080338266386,0.0486152620043833,0.4823529411764706,high,low,medium
2023-05,0.5533826638477801,0.1001195457262402,0.6941176470588235,high,low,high
2023-06,0.5010570824524314,0.0651856279471342,0.5882352941176471,medium,low,high
2023-07,0.5517970401691332,0.0422062827920568,0.5294117647058824,high,low,high
2023-08,0.5470401691331924,0.0315135817227867,0.5764705882352941,medium,low,high
2023-09,0.5909090909090909,0.0766088862323172,0.6588235294117647,high,low,high
2023-10,0.6257928118393236,0.0335060104934581,0.7411764705882353,high,low,high
2023-11,0.5909090909090909,0.0286909742976688,0.7058823529411765,high,low,high
2023-12,0.5750528541226215,0.052168426645414,0.5529411764705883,high,low,high
2024-01,0.5808668076109937,0.0553895198246662,0.5764705882352941,high,low,high
2024-02,0.6437632135306555,0.0464235903566447,0.7647058823529411,high,low,high
2024-03,0.6686046511627908,0.0815567510128179,0.7764705882352941,high,low,high
2024-04,0.7098308668076111,0.0343361891479046,0.5411764705882353,high,low,high
2024-05,0.7056025369978858,0.0849106727767815,0.6823529411764706,high,low,high
2024-06,0.6559196617336153,0.0850767085076708,0.611764705882353,high,low,high
2024-07,0.6945031712473574,0.0758119147240486,0.6,high,low,high
2024-08,0.7959830866807611,0.0390848110513382,0.5411764705882353,high,low,high
2024-09,0.9085623678646936,0.0423723185229461,0.6823529411764706,high,low,high
2024-10,1.0,0.0533638839078169,0.8352941176470589,high,low,high
2015-07,0.8062015503875969,0.2678132678132678,0.5714285714285714,high,medium,high
2015-08,0.8062015503875969,0.5546683046683046,0.7301587301587301,high,high,high
2015-09,0.8062015503875969,0.6778255528255528,0.7936507936507936,high,high,high
2015-10,0.8062015503875969,0.9775798525798526,0.8888888888888888,high,high,high
2015-11,0.8062015503875969,1.0,1.0,high,high,high
2015-12,0.8062015503875969,0.6609336609336609,0.7619047619047619,high,high,high
2016-01,0.8062015503875969,0.6885749385749386,0.5714285714285714,high,high,high
2016-02,0.8062015503875969,0.6062653562653563,0.492063492063492,high,high,high
2016-03,0.8062015503875969,0.8995700245700246,0.6031746031746031,high,high,high
2016-04,0.8062015503875969,0.8191031941031941,0.6349206349206349,high,high,high
2016-05,0.8062015503875969,0.699017199017199,0.5396825396825397,high,high,high
2016-06,0.8062015503875969,0.4818796068796069,0.5079365079365079,high,high,high
2016-07,0.8062015503875969,0.4047911547911548,0.1587301587301587,high,high,low
2016-08,0.8062015503875969,0.5310196560196561,0.365079365079365,high,high,medium
2016-09,0.8062015503875969,0.6188574938574939,0.3968253968253968,high,high,medium
2016-10,0.8062015503875969,0.7604422604422605,0.5555555555555556,high,high,high
2016-11,0.8062015503875969,0.6741400491400491,0.6825396825396826,high,high,high
2016-12,0.8062015503875969,0.5549754299754299,0.492063492063492,high,high,high
2017-01,0.8062015503875969,0.5,0.5396825396825397,high,high,high
2017-02,0.8062015503875969,0.4401105651105651,0.5714285714285714,high,high,high
2017-03,0.8062015503875969,0.6575552825552825,0.5873015873015873,high,high,high
2017-04,0.8062015503875969,0.4944717444717444,0.5079365079365079,high,high,high
2017-05,0.8062015503875969,0.5347051597051597,0.5079365079365079,high,high,high
2017-06,0.8062015503875969,0.3138820638820638,0.238095238095238,high,medium,medium
2017-07,0.8062015503875969,0.4136977886977886,0.2857142857142857,high,high,medium
2017-08,0.8062015503875969,0.4195331695331695,0.4603174603174603,high,high,medium
2017-09,0.8062015503875969,0.5426904176904177,0.3809523809523809,high,high,medium
2017-10,0.8062015503875969,0.7328009828009828,0.5873015873015873,high,high,high
2017-11,0.8062015503875969,0.6504914004914005,0.6666666666666666,high,high,high
2017-12,0.8062015503875969,0.5042997542997543,0.4444444444444444,high,high,medium
2018-01,0.8062015503875969,0.6980958230958231,0.4603174603174603,high,high,medium
2018-02,0.7441860465116279,0.4465601965601966,0.4444444444444444,high,high,medium
2018-03,1.0,0.7288083538083538,0.6031746031746031,high,high,high
2018-04,0.9689922480620154,0.5267199017199017,0.492063492063492,high,high,high
2018-05,0.4573643410852713,0.5175061425061425,0.4285714285714285,medium,high,medium
2018-06,0.7286821705426356,0.2066953316953317,0.0952380952380952,high,medium,low
2018-07,0.7209302325581396,0.4708230958230958,0.4285714285714285,high,high,medium
2018-08,0.7131782945736433,0.4333538083538084,0.4444444444444444,high,high,medium
2018-09,0.5116279069767443,0.5933660933660934,0.4761904761904761,medium,high,medium
2018-10,0.496124031007752,0.691953316953317,0.6190476190476191,medium,high,high
2018-11,0.3410852713178295,0.6305282555282555,0.5873015873015873,medium,high,high
2018-12,0.6046511627906979,0.5773955773955773,0.5238095238095238,high,high,high
2019-01,0.6821705426356588,0.6253071253071253,0.5238095238095238,high,high,high
2019-02,0.3875968992248061,0.4063267813267813,0.3809523809523809,medium,high,medium
2019-03,0.4108527131782946,0.7585995085995086,0.5555555555555556,medium,high,high
2019-04,0.6744186046511629,0.628992628992629,0.5079365079365079,high,high,high
2019-05,0.8992248062015504,0.523034398034398,0.5396825396825397,high,high,high
2019-06,0.6356589147286824,0.304054054054054,0.3492063492063492,high,medium,medium
2019-07,0.4496124031007752,0.5070638820638821,0.6825396825396826,medium,high,high
2019-08,0.1782945736434108,0.4631449631449631,0.6349206349206349,low,high,high
2019-09,0.4186046511627907,0.5850737100737101,0.6349206349206349,medium,high,high
2019-10,0.4108527131782946,0.691953316953317,0.6507936507936508,medium,high,high
2019-11,0.2248062015503876,0.6025798525798526,0.6507936507936508,low,high,high
2019-12,0.3410852713178295,0.4566953316953317,0.5714285714285714,medium,high,high
2020-01,0.0775193798449613,0.3848280098280098,0.5238095238095238,low,high,high
2020-02,0.1007751937984497,0.3691646191646192,0.5714285714285714,low,high,high
2020-03,0.3333333333333334,0.5248771498771498,0.4126984126984127,medium,high,medium
2020-04,0.5968992248062015,0.5565110565110565,0.2857142857142857,high,high,medium
2020-05,0.5348837209302325,0.2724201474201474,0.3333333333333333,medium,medium,medium
2020-06,0.2558139534883721,0.4502457002457002,0.3492063492063492,low,high,medium
2020-07,0.0,0.2143734643734643,0.3333333333333333,low,medium,medium
2020-08,0.0465116279069767,0.2361793611793611,0.1269841269841269,low,medium,low
2020-09,0.2790697674418605,0.3961916461916462,0.238095238095238,low,high,medium
2020-10,0.1317829457364342,0.4416461916461916,0.1111111111111111,low,high,low
2020-11,0.1085271317829458,0.4143120393120393,0.1428571428571428,low,high,low
2020-12,0.1007751937984497,0.3209459459459459,0.0793650793650793,low,medium,low
2021-01,0.1627906976744187,0.2828624078624078,0.1111111111111111,low,medium,low
2021-02,0.248062015503876,0.1839680589680589,0.0793650793650793,low,medium,low
2021-03,0.364341085271318,0.2767199017199017,0.1269841269841269,medium,medium,low
2021-04,0.3333333333333334,0.2039312039312039,0.1746031746031746,medium,medium,low
2021-05,0.2403100775193798,0.2561425061425061,0.0317460317460317,low,medium,low
2021-06,0.3720930232558139,0.246007371007371,0.1746031746031746,medium,medium,low
2021-07,0.1007751937984497,0.2254299754299754,0.0476190476190476,low,medium,low
2021-08,0.0542635658914729,0.1781326781326781,0.0,low,medium,low
2021-09,0.310077519379845,0.2527641277641277,0.0952380952380952,medium,medium,low
2021-10,0.5968992248062015,0.2800982800982801,0.0952380952380952,high,medium,low
2021-11,0.5503875968992248,0.2880835380835381,0.1904761904761904,medium,medium,low
2021-12,0.3023255813953489,0.2788697788697789,0.1746031746031746,medium,medium,low
2022-01,0.310077519379845,0.1818181818181818,0.5873015873015873,medium,medium,high
2022-02,0.1162790697674419,0.1876535626535626,0.492063492063492,low,medium,high
2022-03,0.3488372093023257,0.2082309582309582,0.6825396825396826,medium,medium,high
2022-04,0.6821705426356588,0.1299140049140049,0.6507936507936508,high,medium,high
2022-05,0.364341085271318,0.0896805896805896,0.365079365079365,medium,low,medium
2022-06,0.4186046511627907,0.1486486486486486,0.6666666666666666,medium,medium,high
2022-07,0.1860465116279069,0.1133292383292383,0.5555555555555556,low,medium,high
2022-08,0.2093023255813953,0.0884520884520884,0.5238095238095238,low,low,high
2022-09,0.4728682170542634,0.2546068796068796,0.6349206349206349,medium,medium,high
2022-10,0.2945736434108528,0.2033169533169533,0.6349206349206349,medium,medium,high
2022-11,0.3255813953488373,0.136977886977887,0.6984126984126984,medium,medium,high
2022-12,0.6356589147286824,0.1148648648648648,0.5555555555555556,high,medium,high
2023-01,0.8527131782945737,0.0709459459459459,0.5396825396825397,high,low,high
2023-02,0.558139534883721,0.0377764127764127,0.5238095238095238,high,low,high
2023-03,0.4263565891472868,0.0583538083538083,0.5714285714285714,medium,low,high
2023-04,0.2170542635658915,0.0,0.2063492063492063,low,low,low
2023-05,0.062015503875969,0.0414619164619164,0.3968253968253968,low,low,medium
2023-06,0.0542635658914729,0.0592751842751842,0.3809523809523809,low,low,medium
2023-07,0.062015503875969,0.0251842751842751,0.4126984126984127,low,low,medium
2023-08,0.1007751937984497,0.0221130221130221,0.3968253968253968,low,low,medium
2023-09,0.0310077519379845,0.0617321867321867,0.3809523809523809,low,low,medium
2023-10,0.2945736434108528,0.058046683046683,0.4761904761904761,medium,low,medium
2023-11,0.3720930232558139,0.0611179361179361,0.4603174603174603,medium,low,medium
2023-12,0.1627906976744187,0.0343980343980344,0.3333333333333333,low,low,medium
2024-01,0.0465116279069767,0.0254914004914004,0.3809523809523809,low,low,medium
2024-02,0.3255813953488373,0.0211916461916461,0.3968253968253968,medium,low,medium
2024-03,0.4031007751937984,0.203009828009828,0.4285714285714285,medium,medium,medium
2024-04,0.1627906976744187,0.1207002457002457,0.2063492063492063,low,medium,low
2024-05,0.0310077519379845,0.3141891891891892,0.492063492063492,low,medium,high
2024-06,0.2713178294573644,0.3015970515970516,0.4285714285714285,low,medium,medium
2024-07,0.496124031007752,0.3141891891891892,0.4761904761904761,medium,medium,medium
2024-08,0.627906976744186,0.1836609336609336,0.3809523809523809,high,medium,medium
2024-09,0.4186046511627907,0.1093366093366093,0.3015873015873015,medium,medium,medium
2024-10,0.1860465116279069,0.1388206388206388,0.365079365079365,low,medium,medium
2015-07,0.435569755058573,0.1342103469429486,0.1818181818181818,medium,medium,low
2015-08,0.3397231096911608,0.2815077363506237,0.2727272727272727,medium,medium,medium
2015-09,0.2374866879659212,0.4086974303046827,0.6233766233766234,low,high,high
2015-10,0.1277955271565495,0.429623065912344,1.0,low,high,high
2015-11,0.1757188498402556,0.3456478767636834,0.8441558441558441,low,high,high
2015-12,0.1480298189563365,0.2802808261195555,0.5584415584415584,low,medium,high
2016-01,0.2513312034078807,0.3057051325744666,0.3766233766233766,low,medium,medium
2016-02,0.2513312034078807,0.2384977165837366,0.3636363636363636,low,medium,medium
2016-03,0.2310969116080937,0.3333106127734987,0.5844155844155844,low,medium,high
2016-04,0.1458998935037273,0.2815077363506237,0.4935064935064935,low,medium,high
2016-05,0.2289669861554845,0.2725785563356281,0.4415584415584415,low,medium,medium
2016-06,0.1757188498402556,0.1891486606229977,0.2597402597402597,low,medium,medium
2016-07,0.1874334398296059,0.1918069661236452,0.0389610389610389,low,medium,low
2016-08,0.1331203407880724,0.3408765591984186,0.1948051948051948,low,medium,low
2016-09,0.2247071352502662,0.4757003612569013,0.4415584415584415,low,high,medium
2016-10,0.1331203407880724,0.4968986435825778,0.8961038961038961,low,high,high
2016-11,0.0915867944621938,0.3665735123713448,0.5974025974025974,low,high,high
2016-12,0.0841320553780617,0.3082952763956104,0.4545454545454545,low,medium,medium
2017-01,0.1863684771033013,0.3109535818962579,0.3376623376623376,low,medium,medium
2017-02,0.0937167199148029,0.2522663758435007,0.3116883116883117,low,medium,medium
2017-03,0.0670926517571884,0.3221320973348783,0.4935064935064935,low,medium,high
2017-04,0.0,0.3118396837298071,0.5454545454545454,low,medium,high
2017-05,0.0212992545260916,0.2815077363506237,0.3636363636363636,low,medium,medium
2017-06,0.1246006389776357,0.2014859246131824,0.2857142857142857,low,medium,medium
2017-07,0.1096911608093716,0.3095903483061822,0.0909090909090909,low,medium,low
2017-08,0.1064962726304579,0.4549110490082476,0.1948051948051948,low,high,low
2017-09,0.1075612353567624,0.5564037897893804,0.4025974025974026,low,high,medium
2017-10,0.0489882854100106,0.5802603776157045,0.8051948051948052,low,high,high
2017-11,0.0841320553780617,0.4525253902256151,0.6753246753246753,low,high,high
2017-12,0.0181043663471778,0.3531456615090996,0.4285714285714285,low,high,medium
2018-01,0.1118210862619808,0.3415581759934565,0.2597402597402597,low,medium,medium
2018-02,0.1256656017039404,0.2472905732397246,0.2857142857142857,low,medium,medium
2018-03,0.2023429179978701,0.3557358053302433,0.3506493506493506,low,high,medium
2018-04,0.2843450479233226,0.2795310476450139,0.3896103896103896,medium,medium,medium
2018-05,0.3322683706070287,0.2804853111580669,0.2987012987012987,medium,medium,medium
2018-06,0.4036208732694356,0.1474337127666825,0.0259740259740259,medium,medium,low
2018-07,0.3269435569755058,0.2692386340399427,0.0909090909090909,medium,medium,low
2018-08,0.3109691160809371,0.369027332833481,0.1298701298701298,medium,high,low
2018-09,0.3024494142705005,0.4921954876968168,0.4675324675324675,medium,high,medium
2018-10,0.3237486687965921,0.4887874037216277,0.8051948051948052,medium,high,high
2018-11,0.397231096911608,0.3692318178719924,0.7012987012987013,medium,high,high
2018-12,0.3205537806176783,0.2997069047781337,0.4675324675324675,medium,medium,medium
2019-01,0.3844515441959532,0.3377411219412446,0.2987012987012987,medium,medium,medium
2019-02,0.3077742279020234,0.2736009815281848,0.2857142857142857,medium,medium,medium
2019-03,0.3812566560170395,0.3795923931565674,0.4155844155844156,medium,high,medium
2019-04,0.4568690095846645,0.2731920114511622,0.3896103896103896,medium,medium,medium
2019-05,0.3780617678381256,0.0,0.3116883116883117,medium,low,medium
2019-06,0.3013844515441959,0.1553404675891214,0.1298701298701298,medium,medium,low
2019-07,0.2289669861554845,0.3179060732056438,0.1688311688311688,low,medium,low
2019-08,0.1608093716719914,0.4292140958353214,0.1558441558441558,low,high,low
2019-09,0.1160809371671991,0.6401744938995297,0.7532467532467533,low,high,high
2019-10,0.1789137380191693,0.6523754345307068,1.0,low,high,high
2019-11,0.1118210862619808,0.5489060050439643,0.8181818181818182,low,high,high
2019-12,0.1757188498402556,0.4389612160043623,0.4415584415584415,low,high,medium
2020-01,0.1086261980830671,0.4891963737986504,0.4415584415584415,low,high,medium
2020-02,0.1714589989350373,0.402017585713312,0.3246753246753247,low,high,medium
2020-03,0.2385516506922257,0.5441346874786995,0.4805194805194805,low,high,medium
2020-04,0.2374866879659212,0.4294185808738327,0.4025974025974026,low,high,medium
2020-05,0.1682641107561235,0.3234271692454502,0.2987012987012987,low,medium,medium
2020-06,0.1490947816826411,0.5858496353350147,0.2337662337662337,low,high,medium
2020-07,0.1767838125665601,0.2530843159975461,0.1038961038961039,low,medium,low
2020-08,0.2438764643237486,0.3309931156703701,0.0259740259740259,low,medium,low
2020-09,0.2726304579339723,0.5787608206666213,0.1558441558441558,low,high,low
2020-10,0.2545260915867945,0.8244836752777589,0.2987012987012987,low,high,medium
2020-11,0.3248136315228966,0.8453411492059164,0.2727272727272727,medium,high,medium
2020-12,0.2513312034078807,0.7862449730761366,0.2467532467532467,low,high,medium
2021-01,0.3205537806176783,0.4595460432145048,0.1558441558441558,medium,high,low
2021-02,0.2481363152289669,0.2693749573989503,0.1168831168831168,low,medium,low
2021-03,0.2097976570820021,0.4295549042328403,0.1688311688311688,low,high,low
2021-04,0.275825346112886,0.2274555245041238,0.1948051948051948,low,medium,low
2021-05,0.3471778487752928,0.1657010428736964,0.0779220779220779,medium,medium,low
2021-06,0.2992545260915868,0.3204962170267875,0.1298701298701298,medium,medium,low
2021-07,0.3695420660276889,0.3765932792584009,0.0129870129870129,medium,high,low
2021-08,0.2992545260915868,0.445027605480199,0.0,medium,high,low
2021-09,0.2747603833865815,0.6905459750528253,0.1298701298701298,low,high,low
2021-10,0.3141640042598509,0.6022084384159225,0.2337662337662337,medium,high,medium
2021-11,0.397231096911608,0.4846977029514007,0.2727272727272727,medium,high,medium
2021-12,0.3386581469648563,0.5114170813168837,0.1558441558441558,medium,high,low
2022-01,0.3982960596379126,0.4300320359893668,0.4025974025974026,medium,high,medium
2022-02,0.3684771033013844,0.4476859109808466,0.3896103896103896,medium,high,medium
2022-03,0.4376996805111821,0.5278440460772953,0.7402597402597403,medium,high,high
2022-04,0.397231096911608,0.3939063458523618,0.5584415584415584,medium,high,high
2022-05,0.4558040468583599,0.2921409583532138,0.3766233766233766,medium,medium,medium
2022-06,0.5410010649627264,0.3476927271487969,0.3636363636363636,medium,high,medium
2022-07,0.5804046858359957,0.40828846022766,0.1298701298701298,high,high,low
2022-08,0.5953141640042598,0.4862654215799877,0.1688311688311688,high,high,low
2022-09,0.5548455804046858,0.768522936405153,0.5584415584415584,high,high,high
2022-10,0.5718849840255591,1.0,0.8051948051948052,high,high,high
2022-11,0.6602768903088392,0.866539431531593,0.7662337662337663,high,high,high
2022-12,0.7870074547390841,0.7208779224320088,0.4935064935064935,high,high,high
2023-01,0.8903088391906282,0.5512235021470929,0.3636363636363636,high,high,medium
2023-02,1.0,0.4247154249880717,0.3636363636363636,high,high,medium
2023-03,0.930777422790202,0.4386204076068434,0.4935064935064935,high,high,high
2023-04,0.8956336528221512,0.2037352600368073,0.1688311688311688,high,medium,low
2023-05,0.7891373801916933,0.2346806625315247,0.3376623376623376,high,medium,medium
2023-06,0.7252396166134184,0.2105514279871856,0.1558441558441558,high,medium,low
2023-07,0.6656017039403621,0.2130734101288255,0.0649350649350649,high,medium,low
2023-08,0.6474973375931843,0.2461318246881603,0.2077922077922078,high,medium,low
2023-09,0.6496272630457934,0.1836957262626951,0.4935064935064935,high,medium,high
2023-10,0.6517571884984025,0.1746302228886919,0.5584415584415584,high,medium,high
2023-11,0.6187433439829605,0.1509781201008793,0.5324675324675324,high,medium,high
2023-12,0.5814696485623003,0.1388453411492059,0.2077922077922078,high,medium,low
2024-01,0.5761448349307775,0.1004703155885761,0.1428571428571428,high,low,low
2024-02,0.6368477103301383,0.0948810578692659,0.1948051948051948,high,low,low
2024-03,0.6549520766773163,0.156090246063663,0.2597402597402597,high,medium,medium
2024-04,0.5548455804046858,0.0961761297798377,0.1688311688311688,high,low,low
2024-05,0.5303514376996804,0.1532274555245041,0.2857142857142857,medium,medium,medium
2024-06,0.5835995740149094,0.0980164951264399,0.1038961038961039,high,low,low
2024-07,0.6166134185303515,0.0890191534319405,0.0779220779220779,high,low,low
2024-08,0.584664536741214,0.1280757957876082,0.2727272727272727,high,medium,medium
2024-09,0.6602768903088392,0.1452525390225615,0.5194805194805194,high,medium,high
2024-10,0.7507987220447284,0.1389816645082134,0.5974025974025974,high,medium,high
2015-07,0.8871559633027523,0.0234438156831042,0.7291666666666666,high,low,high
2015-08,0.7568807339449543,0.0457558609539207,0.7083333333333334,high,low,high
2015-09,0.8385321100917431,0.0391269199676637,0.8958333333333334,high,low,high
2015-10,0.8908256880733947,0.0544866612772837,1.0,high,low,high
2015-11,0.9788990825688072,0.0518997574777687,0.8958333333333334,high,low,high
2015-12,0.9155963302752296,0.0281325788197251,0.8541666666666666,high,low,high
2016-01,0.8770642201834863,0.0460792239288601,0.6875,high,low,high
2016-02,0.8357798165137615,0.0263540824575586,0.6458333333333334,high,low,high
2016-03,0.744954128440367,0.0253839935327405,0.7708333333333334,high,low,high
2016-04,0.6816513761467891,0.0384801940177849,0.7083333333333334,high,low,high
2016-05,0.6183486238532111,0.0324979789814066,0.6875,high,low,high
2016-06,0.5412844036697249,0.0200485044462409,0.5416666666666666,medium,low,high
2016-07,0.5284403669724771,0.0368633791430881,0.5833333333333334,medium,low,high
2016-08,0.4422018348623854,0.0467259498787388,0.5833333333333334,medium,low,high
2016-09,0.410091743119266,0.1010509296685529,0.7083333333333334,medium,low,high
2016-10,0.3082568807339449,0.1073565076798706,0.8125,medium,medium,high
2016-11,0.2495412844036696,0.105092966855295,0.7291666666666666,low,low,high
2016-12,0.2064220183486239,0.1059013742926435,0.6458333333333334,low,low,high
2017-01,0.2633027522935779,0.1401778496362166,0.625,low,medium,high
2017-02,0.1798165137614678,0.1122069523039612,0.5833333333333334,low,medium,high
2017-03,0.1155963302752293,0.1210994341147938,0.6041666666666666,low,medium,high
2017-04,0.0449541284403669,0.1201293451899757,0.5625,low,medium,high
2017-05,0.0477064220183485,0.093290218270008,0.4791666666666667,low,low,medium
2017-06,0.0339449541284403,0.0826192400970089,0.5208333333333334,low,low,high
2017-07,0.0770642201834862,0.1566693613581244,0.4791666666666667,low,medium,medium
2017-08,0.0,0.1742926434923201,0.4583333333333333,low,medium,medium
2017-09,0.0825688073394495,0.1660468876313662,0.5833333333333334,low,medium,high
2017-10,0.1733944954128439,0.1476151980598221,0.6666666666666666,low,medium,high
2017-11,0.2577981651376146,0.1113985448666127,0.6041666666666666,low,medium,high
2017-12,0.3376146788990826,0.1089733225545675,0.5625,medium,medium,high
2018-01,0.4183486238532109,0.2195634599838318,0.375,medium,medium,medium
2018-02,0.4935779816513761,0.2583670169765562,0.1041666666666666,medium,medium,low
2018-03,0.5761467889908257,0.3670169765561843,0.1666666666666666,high,high,low
2018-04,0.6522935779816514,0.4176232821341956,0.125,high,high,low
2018-05,0.689908256880734,0.5770412287793047,0.1041666666666666,high,high,low
2018-06,0.7761467889908257,0.5915925626515764,0.0,high,high,low
2018-07,0.7504587155963304,0.4730800323362975,0.0,high,high,low
2018-08,0.7788990825688075,0.3725141471301536,0.1041666666666666,high,high,low
2018-09,0.8229357798165138,0.2826192400970089,0.2083333333333333,high,medium,low
2018-10,0.81651376146789,0.1560226354082457,0.25,high,medium,medium
2018-11,0.726605504587156,0.1215844785772029,0.4583333333333333,high,medium,medium
2018-12,0.7155963302752294,0.0360549717057396,0.5625,high,low,high
2019-01,0.6293577981651376,0.0397736459175424,0.5416666666666666,high,low,high
2019-02,0.544954128440367,0.0255456750202101,0.5208333333333334,medium,low,high
2019-03,0.626605504587156,0.042522231204527,0.5833333333333334,high,low,high
2019-04,0.6972477064220184,0.0583670169765561,0.5833333333333334,high,low,high
2019-05,0.7119266055045872,0.0318512530315278,0.5208333333333334,high,low,high
2019-06,0.6256880733944955,0.0299110751818916,0.4583333333333333,high,low,medium
2019-07,0.7091743119266056,0.0488278092158447,0.4375,high,low,medium
2019-08,0.7954128440366973,0.0596604688763136,0.4166666666666667,high,low,medium
2019-09,0.8009174311926607,0.0767987065481002,0.5416666666666666,high,low,high
2019-10,0.889908256880734,0.0939369442198868,0.6041666666666666,high,low,high
2019-11,0.8770642201834863,0.1143088116410671,0.6041666666666666,high,medium,high
2019-12,0.881651376146789,0.0467259498787388,0.5,high,low,high
2020-01,0.8522935779816514,0.0444624090541633,0.3958333333333333,high,low,medium
2020-02,0.9440366972477064,0.0397736459175424,0.4375,high,low,medium
2020-03,0.903669724770642,0.0701697655618431,0.5208333333333334,high,low,high
2020-04,0.9394495412844036,0.0769603880355699,0.5,high,low,high
2020-05,0.971559633027523,0.0324979789814066,0.4583333333333333,high,low,medium
2020-06,0.9825688073394496,0.030234438156831,0.4166666666666667,high,low,medium
2020-07,0.9146788990825688,0.0452708164915117,0.3958333333333333,high,low,medium
2020-08,0.963302752293578,0.0646725949878739,0.3958333333333333,high,low,medium
2020-09,0.8688073394495412,0.0995957962813257,0.4583333333333333,high,low,medium
2020-10,0.9605504587155964,0.0785772029102667,0.5,high,low,high
2020-11,0.8926605504587157,0.0478577202910266,0.5,high,low,high
2020-12,0.9174311926605506,0.0337914308811641,0.4791666666666667,high,low,medium
2021-01,1.0,0.0255456750202101,0.3958333333333333,high,low,medium
2021-02,0.9045871559633027,0.0407437348423605,0.4791666666666667,high,low,medium
2021-03,0.8119266055045873,0.0295877122069523,0.5,high,low,high
2021-04,0.7192660550458716,0.0095392077607114,0.375,high,low,medium
2021-05,0.6330275229357799,0.000485044462409,0.3541666666666667,high,low,medium
2021-06,0.5559633027522936,0.0072756669361358,0.4583333333333333,high,low,medium
2021-07,0.4724770642201836,0.027647534357316,0.3125,medium,low,medium
2021-08,0.5587155963302753,0.0342764753435731,0.3958333333333333,high,low,medium
2021-09,0.4908256880733945,0.0324979789814066,0.5416666666666666,medium,low,high
2021-10,0.4293577981651376,0.0446240905416329,0.6041666666666666,medium,low,high
2021-11,0.3889908256880734,0.0202101859337105,0.625,medium,low,high
2021-12,0.4880733944954129,0.0248989490703314,0.5416666666666666,medium,low,high
2022-01,0.5467889908256881,0.0124494745351657,0.5416666666666666,medium,low,high
2022-02,0.6972477064220184,0.0,0.5833333333333334,high,low,high
2022-03,0.6036697247706423,0.0135812449474535,0.7083333333333334,high,low,high
2022-04,0.571559633027523,0.1110751818916734,0.5416666666666666,high,medium,high
2022-05,0.4688073394495413,0.2488278092158448,0.5,medium,medium,high
2022-06,0.4981651376146789,0.2135812449474535,0.5,medium,medium,high
2022-07,0.6100917431192662,0.2056588520614389,0.3541666666666667,high,medium,medium
2022-08,0.7596330275229358,0.1721907841552142,0.4791666666666667,high,medium,medium
2022-09,0.6862385321100919,0.1620048504446241,0.6875,high,medium,high
2022-10,0.8009174311926607,0.2140662894098625,0.75,high,medium,high
2022-11,0.7889908256880734,0.2423605497170574,0.8125,high,medium,high
2022-12,0.9247706422018348,0.0274858528698464,0.5833333333333334,high,low,high
2023-01,0.8972477064220186,0.0818108326596604,0.5833333333333334,high,low,high
2023-02,0.8174311926605505,0.2237671786580436,0.6875,high,medium,high
2023-03,0.7568807339449543,0.1578011317704123,0.8125,high,medium,high
2023-04,0.7275229357798166,0.27178658043654,0.5208333333333334,high,medium,high
2023-05,0.6302752293577982,0.9940177849636216,0.8958333333333334,high,high,high
2023-06,0.5403669724770642,1.0,0.6041666666666666,medium,high,high
2023-07,0.4660550458715597,0.5597413096200485,0.3541666666666667,medium,high,medium
2023-08,0.4522935779816514,0.2596604688763136,0.4166666666666667,medium,medium,medium
2023-09,0.4394495412844036,0.1662085691188358,0.5833333333333334,medium,medium,high
2023-10,0.5137614678899083,0.1810832659660468,0.625,medium,medium,high
2023-11,0.4853211009174312,0.0947453516572352,0.6041666666666666,medium,low,high
2023-12,0.455045871559633,0.0745351657235246,0.5,medium,low,high
2024-01,0.455045871559633,0.0934518997574777,0.4166666666666667,medium,low,medium
2024-02,0.4119266055045872,0.0520614389652384,0.5208333333333334,medium,low,high
2024-03,0.4302752293577981,0.0588520614389652,0.5833333333333334,medium,low,high
2024-04,0.3422018348623854,0.0551333872271624,0.5625,medium,low,high
2024-05,0.3211009174311927,0.0769603880355699,0.6041666666666666,medium,low,high
2024-06,0.2522935779816514,0.0919967663702506,0.5416666666666666,low,low,high
2024-07,0.2752293577981651,0.1233629749393694,0.4583333333333333,low,medium,medium
2024-08,0.246788990825688,0.1063864187550525,0.5416666666666666,low,low,high
2024-09,0.2211009174311927,0.1361358124494745,0.6666666666666666,low,medium,high
2024-10,0.1743119266055046,0.1327405012126111,0.7291666666666666,low,medium,high
